{"cameraMode":{"drawMode":0,"name":"Shaded","section":"Shading Mode"},"sceneLighting":false,"audioPlay":false,"sceneViewState":{"showFog":true,"showMaterialUpdate":true,"showSkybox":false,"showFlares":true,"showImageEffects":true,"showParticleSystems":true},"in2DMode":false,"pivot":{"x":0.6857463121414185,"y":0.6463227272033691,"z":-0.5066273212432861},"rotation":{"x":0.5587291121482849,"y":-0.06453216075897217,"z":0.0436735600233078,"w":0.8256968855857849},"size":7.078553676605225,"orthographic":false}