{"cameraMode":{"drawMode":0,"name":"Shaded","section":"Shading Mode"},"sceneLighting":true,"audioPlay":false,"sceneViewState":{"showFog":true,"showMaterialUpdate":true,"showSkybox":false,"showFlares":true,"showImageEffects":true,"showParticleSystems":true},"in2DMode":false,"pivot":{"x":15.8896484375,"y":30.68359375,"z":1.88140869140625},"rotation":{"x":-0.44188427925109866,"y":0.5463886260986328,"z":-0.42091265320777895,"w":-0.5736185908317566},"size":43.61348342895508,"orthographic":true}