{"cameraMode":{"drawMode":0,"name":"Shaded","section":"Shading Mode"},"sceneLighting":true,"audioPlay":false,"sceneViewState":{"showFog":true,"showMaterialUpdate":true,"showSkybox":true,"showFlares":true,"showImageEffects":true,"showParticleSystems":true},"in2DMode":false,"pivot":{"x":-200.8316192626953,"y":35.631561279296878,"z":-54.20106887817383},"rotation":{"x":0.6323620080947876,"y":-0.021833140403032304,"z":0.017819993197917939,"w":0.7741919159889221},"size":160.11376953125,"orthographic":false}