{"cameraMode":{"drawMode":0,"name":"Shaded","section":"Shading Mode"},"sceneLighting":false,"audioPlay":false,"sceneViewState":{"showFog":true,"showMaterialUpdate":true,"showSkybox":false,"showFlares":true,"showImageEffects":true,"showParticleSystems":true},"in2DMode":false,"pivot":{"x":2.656726837158203,"y":0.7135310173034668,"z":0.48587989807128909},"rotation":{"x":0.5043402910232544,"y":0.0271943099796772,"z":-0.015888337045907975,"w":0.8629447221755981},"size":6.473735332489014,"orthographic":false}