{"cameraMode":{"drawMode":0,"name":"Shaded","section":"Shading Mode"},"sceneLighting":true,"audioPlay":false,"sceneViewState":{"showFog":true,"showMaterialUpdate":true,"showSkybox":true,"showFlares":true,"showImageEffects":true,"showParticleSystems":true},"in2DMode":false,"pivot":{"x":-30.50981903076172,"y":-36.65911865234375,"z":-74.218505859375},"rotation":{"x":0.7212622761726379,"y":-0.02697904221713543,"z":0.028149480000138284,"w":0.6915851831436157},"size":234.68370056152345,"orthographic":false}